﻿<?xml version="1.0" encoding="utf-8"?>

<helpItems xmlns="http://msh" schema="maml">

<command:command xmlns:maml="http://schemas.microsoft.com/maml/2004/10" xmlns:command="http://schemas.microsoft.com/maml/dev/command/2004/10" xmlns:dev="http://schemas.microsoft.com/maml/dev/2004/10">
<!--Generated by Help Cmdlet Editor-->
	<command:details>
		<command:name>Out-SqlScript</command:name>
		<maml:description>
			<maml:para>Sends out to the host as a SQL script.</maml:para>
		</maml:description>
		<maml:copyright>
           <maml:para />
		<!--Add copy right info here.-->
		</maml:copyright>
		<command:verb>Out</command:verb>
		<command:noun>SqlScript</command:noun>
		<!--Add Dev version info here.-->
		<dev:version />
	</command:details>
	<maml:description>
	<!--This is the Description section-->
		<maml:para>The Out-SqlScript cmdlet determines whether all elements of a SQL script are valid and returns formatted SQL script (pretty print) if all elements are valid. Validation errors are returned to stderr. You can use the various parametres to control the formatting of the script.</maml:para>
	</maml:description>
	<command:syntax>		<command:syntaxItem>
			<maml:name>Out-SqlScript</maml:name>
			<command:parameter required = "true" variableLength = "false" globbing = "false" pipelineInput = "true (ByValue)" position = "2" >
				<maml:name>InputScript</maml:name>
				<maml:description>
					<maml:para>Specifies a SQL script to be sent to host.</maml:para>
				</maml:description>
			<command:parameterValue required="true" variableLength = "false" >String</command:parameterValue>
			</command:parameter>
			<command:parameter required = "false" variableLength = "false" globbing = "false" pipelineInput = "false" position = "3" >
				<maml:name>QuotedIdentifierOff</maml:name>
				<maml:description>
					<maml:para>Specifies whether quoted identifier handling is off.</maml:para>
				</maml:description>
			</command:parameter>
			<command:parameter required = "false" variableLength = "false" globbing = "false" pipelineInput = "false" position = "4" >
				<maml:name>SqlVersion</maml:name>
				<maml:description>
					<maml:para>Specifies the Sql version. Valid values are Sql80, Sql90 and Sql100.</maml:para>
				</maml:description>
			<command:parameterValue required="true" variableLength = "false" >SqlVersion</command:parameterValue>
			</command:parameter>
			<command:parameter required = "false" variableLength = "false" globbing = "false" pipelineInput = "false" position = "5" >
				<maml:name>AlignClauseBodies</maml:name>
				<maml:description>
					<maml:para>Specifies whether to align clause bodies.</maml:para>
				</maml:description>
			</command:parameter>
			<command:parameter required = "false" variableLength = "false" globbing = "false" pipelineInput = "false" position = "6" >
				<maml:name>AlignColumnDefinitionFields</maml:name>
				<maml:description>
					<maml:para>Specifies whether to align column definition fields.</maml:para>
				</maml:description>
			</command:parameter>
			<command:parameter required = "false" variableLength = "false" globbing = "false" pipelineInput = "false" position = "7" >
				<maml:name>AlignSetClauseItem</maml:name>
				<maml:description>
					<maml:para>Specifies whether to align set clause items.</maml:para>
				</maml:description>
			</command:parameter>
			<command:parameter required = "false" variableLength = "false" globbing = "false" pipelineInput = "false" position = "8" >
				<maml:name>AsKeywordOnOwnLine</maml:name>
				<maml:description>
					<maml:para>Specifies whether to put AS keyword on own line.</maml:para>
				</maml:description>
			</command:parameter>
			<command:parameter required = "false" variableLength = "false" globbing = "false" pipelineInput = "false" position = "9" >
				<maml:name>IncludeSemicolons</maml:name>
				<maml:description>
					<maml:para>Specifies whether to include semicolons.</maml:para>
				</maml:description>
			</command:parameter>
			<command:parameter required = "false" variableLength = "false" globbing = "false" pipelineInput = "false" position = "10" >
				<maml:name>IndentationSize</maml:name>
				<maml:description>
					<maml:para>Specifies indentation size.</maml:para>
				</maml:description>
			<command:parameterValue required="true" variableLength = "false" >Int32</command:parameterValue>
			</command:parameter>
			<command:parameter required = "false" variableLength = "false" globbing = "false" pipelineInput = "false" position = "11" >
				<maml:name>IndentSetClause</maml:name>
				<maml:description>
					<maml:para>Specifies whether to indent set clause.</maml:para>
				</maml:description>
			</command:parameter>
			<command:parameter required = "false" variableLength = "false" globbing = "false" pipelineInput = "false" position = "12" >
				<maml:name>IndentViewBody</maml:name>
				<maml:description>
					<maml:para>Specifies indent view body.</maml:para>
				</maml:description>
			</command:parameter>
			<command:parameter required = "false" variableLength = "false" globbing = "false" pipelineInput = "false" position = "13" >
				<maml:name>KeywordCasing</maml:name>
				<maml:description>
					<maml:para>Specifies keyword casing option. Valid values are Lowercase, Uppercase or PascalCase</maml:para>
				</maml:description>
			<command:parameterValue required="true" variableLength = "false" >KeywordCasing</command:parameterValue>
			</command:parameter>
			<command:parameter required = "false" variableLength = "false" globbing = "false" pipelineInput = "false" position = "14" >
				<maml:name>MultilineInsertSourcesList</maml:name>
				<maml:description>
					<maml:para>Specifies whether multiline insert sources list.</maml:para>
				</maml:description>
			</command:parameter>
			<command:parameter required = "false" variableLength = "false" globbing = "false" pipelineInput = "false" position = "15" >
				<maml:name>MultilineInsertTargetsList</maml:name>
				<maml:description>
					<maml:para>Specifies whether multiline insert targets list.</maml:para>
				</maml:description>
			</command:parameter>
			<command:parameter required = "false" variableLength = "false" globbing = "false" pipelineInput = "false" position = "16" >
				<maml:name>MultilineSelectElementsList</maml:name>
				<maml:description>
					<maml:para>Specifies whether multiline select elements list.</maml:para>
				</maml:description>
			</command:parameter>
			<command:parameter required = "false" variableLength = "false" globbing = "false" pipelineInput = "false" position = "17" >
				<maml:name>MultilineSetClauseItems</maml:name>
				<maml:description>
					<maml:para>Specifies whether multiline set clause items.</maml:para>
				</maml:description>
			</command:parameter>
			<command:parameter required = "false" variableLength = "false" globbing = "false" pipelineInput = "false" position = "18" >
				<maml:name>MultilineViewColumnsList</maml:name>
				<maml:description>
					<maml:para>Specifies whether multiline view columns list.</maml:para>
				</maml:description>
			</command:parameter>
			<command:parameter required = "false" variableLength = "false" globbing = "false" pipelineInput = "false" position = "19" >
				<maml:name>MultilineWherePredicatesList</maml:name>
				<maml:description>
					<maml:para>Specifies whether multiline where predicates list.</maml:para>
				</maml:description>
			</command:parameter>
			<command:parameter required = "false" variableLength = "false" globbing = "false" pipelineInput = "false" position = "20" >
				<maml:name>NewLineBeforeCloseParenthesisInMultilineList</maml:name>
				<maml:description>
					<maml:para>Specifies new line before close parenthesis multiline list.</maml:para>
				</maml:description>
			</command:parameter>
			<command:parameter required = "false" variableLength = "false" globbing = "false" pipelineInput = "false" position = "21" >
				<maml:name>NewLineBeforeFromClause</maml:name>
				<maml:description>
					<maml:para>Specifies new line before from clause.</maml:para>
				</maml:description>
			</command:parameter>
			<command:parameter required = "false" variableLength = "false" globbing = "false" pipelineInput = "false" position = "22" >
				<maml:name>NewLineBeforeGroupByClause</maml:name>
				<maml:description>
					<maml:para>Specifies new line before group by clause.</maml:para>
				</maml:description>
			</command:parameter>
			<command:parameter required = "false" variableLength = "false" globbing = "false" pipelineInput = "false" position = "23" >
				<maml:name>NewLineBeforeHavingClause</maml:name>
				<maml:description>
					<maml:para>Specifies new line before having by clause.</maml:para>
				</maml:description>
			</command:parameter>
			<command:parameter required = "false" variableLength = "false" globbing = "false" pipelineInput = "false" position = "24" >
				<maml:name>NewLineBeforeJoinClause</maml:name>
				<maml:description>
					<maml:para>Specifies new line before join clause.</maml:para>
				</maml:description>
			</command:parameter>
			<command:parameter required = "false" variableLength = "false" globbing = "false" pipelineInput = "false" position = "25" >
				<maml:name>NewLineBeforeOpenParenthesisInMultilineList</maml:name>
				<maml:description>
					<maml:para>Specifies new line before open parenthesis in multiline list</maml:para>
				</maml:description>
			</command:parameter>
			<command:parameter required = "false" variableLength = "false" globbing = "false" pipelineInput = "false" position = "26" >
				<maml:name>NewLineBeforeOrderByClause</maml:name>
				<maml:description>
					<maml:para>Specifies new line before order by clause.</maml:para>
				</maml:description>
			</command:parameter>
			<command:parameter required = "false" variableLength = "false" globbing = "false" pipelineInput = "false" position = "27" >
				<maml:name>NewLineBeforeOutputClause</maml:name>
				<maml:description>
					<maml:para>Specifies new line before output clause.</maml:para>
				</maml:description>
			</command:parameter>
			<command:parameter required = "false" variableLength = "false" globbing = "false" pipelineInput = "false" position = "28" >
				<maml:name>NewLineBeforeWhereClause</maml:name>
				<maml:description>
					<maml:para>Specifies new line before where clause.</maml:para>
				</maml:description>
			</command:parameter>
		</command:syntaxItem>
	</command:syntax>
	<command:parameters>
		<command:parameter required="true" variableLength="false" globbing="false" pipelineInput="true (ByValue)" position="2">
			<maml:name>InputScript</maml:name>
			<maml:description>
				<maml:para>Specifies a SQL script to be sent to host.</maml:para>
			</maml:description>
			<command:parameterValue required="true" variableLength="false">String</command:parameterValue>
			<dev:type>
				<maml:name>String</maml:name>
				<maml:uri/>
			</dev:type>
			<dev:defaultValue></dev:defaultValue>
		</command:parameter>
		<command:parameter required="false" variableLength="false" globbing="false" pipelineInput="false" position="3">
			<maml:name>QuotedIdentifierOff</maml:name>
			<maml:description>
				<maml:para>Specifies whether quoted identifier handling is off.</maml:para>
			</maml:description>
			<dev:type>
				<maml:name>SwitchParameter</maml:name>
				<maml:uri/>
			</dev:type>
			<dev:defaultValue>false</dev:defaultValue>
		</command:parameter>
		<command:parameter required="false" variableLength="false" globbing="false" pipelineInput="false" position="4">
			<maml:name>SqlVersion</maml:name>
			<maml:description>
				<maml:para>Specifies the Sql version. Valid values are Sql80, Sql90 and Sql100.</maml:para>
			</maml:description>
			<command:parameterValue required="true" variableLength="false">SqlVersion</command:parameterValue>
			<dev:type>
				<maml:name>SqlVersion</maml:name>
				<maml:uri/>
			</dev:type>
			<dev:defaultValue>Sql100</dev:defaultValue>
		</command:parameter>
		<command:parameter required="false" variableLength="false" globbing="false" pipelineInput="false" position="5">
			<maml:name>AlignClauseBodies</maml:name>
			<maml:description>
				<maml:para>Specifies whether to align clause bodies.</maml:para>
			</maml:description>
			<dev:type>
				<maml:name>SwitchParameter</maml:name>
				<maml:uri/>
			</dev:type>
			<dev:defaultValue></dev:defaultValue>
		</command:parameter>
		<command:parameter required="false" variableLength="false" globbing="false" pipelineInput="false" position="6">
			<maml:name>AlignColumnDefinitionFields</maml:name>
			<maml:description>
				<maml:para>Specifies whether to align column definition fields.</maml:para>
			</maml:description>
			<dev:type>
				<maml:name>SwitchParameter</maml:name>
				<maml:uri/>
			</dev:type>
			<dev:defaultValue></dev:defaultValue>
		</command:parameter>
		<command:parameter required="false" variableLength="false" globbing="false" pipelineInput="false" position="7">
			<maml:name>AlignSetClauseItem</maml:name>
			<maml:description>
				<maml:para>Specifies whether to align set clause items.</maml:para>
			</maml:description>
			<dev:type>
				<maml:name>SwitchParameter</maml:name>
				<maml:uri/>
			</dev:type>
			<dev:defaultValue></dev:defaultValue>
		</command:parameter>
		<command:parameter required="false" variableLength="false" globbing="false" pipelineInput="false" position="8">
			<maml:name>AsKeywordOnOwnLine</maml:name>
			<maml:description>
				<maml:para>Specifies whether to put AS keyword on own line.</maml:para>
			</maml:description>
			<dev:type>
				<maml:name>SwitchParameter</maml:name>
				<maml:uri/>
			</dev:type>
			<dev:defaultValue></dev:defaultValue>
		</command:parameter>
		<command:parameter required="false" variableLength="false" globbing="false" pipelineInput="false" position="9">
			<maml:name>IncludeSemicolons</maml:name>
			<maml:description>
				<maml:para>Specifies whether to include semicolons.</maml:para>
			</maml:description>
			<dev:type>
				<maml:name>SwitchParameter</maml:name>
				<maml:uri/>
			</dev:type>
			<dev:defaultValue></dev:defaultValue>
		</command:parameter>
		<command:parameter required="false" variableLength="false" globbing="false" pipelineInput="false" position="10">
			<maml:name>IndentationSize</maml:name>
			<maml:description>
				<maml:para>Specifies indentation size.</maml:para>
			</maml:description>
			<command:parameterValue required="true" variableLength="false">Int32</command:parameterValue>
			<dev:type>
				<maml:name>Int32</maml:name>
				<maml:uri/>
			</dev:type>
			<dev:defaultValue>4</dev:defaultValue>
		</command:parameter>
		<command:parameter required="false" variableLength="false" globbing="false" pipelineInput="false" position="11">
			<maml:name>IndentSetClause</maml:name>
			<maml:description>
				<maml:para>Specifies whether to indent set clause.</maml:para>
			</maml:description>
			<dev:type>
				<maml:name>SwitchParameter</maml:name>
				<maml:uri/>
			</dev:type>
			<dev:defaultValue></dev:defaultValue>
		</command:parameter>
		<command:parameter required="false" variableLength="false" globbing="false" pipelineInput="false" position="12">
			<maml:name>IndentViewBody</maml:name>
			<maml:description>
				<maml:para>Specifies indent view body.</maml:para>
			</maml:description>
			<dev:type>
				<maml:name>SwitchParameter</maml:name>
				<maml:uri/>
			</dev:type>
			<dev:defaultValue></dev:defaultValue>
		</command:parameter>
		<command:parameter required="false" variableLength="false" globbing="false" pipelineInput="false" position="13">
			<maml:name>KeywordCasing</maml:name>
			<maml:description>
				<maml:para>Specifies keyword casing option. Valid values are Lowercase, Uppercase or PascalCase</maml:para>
			</maml:description>
			<command:parameterValue required="true" variableLength="false">KeywordCasing</command:parameterValue>
			<dev:type>
				<maml:name>KeywordCasing</maml:name>
				<maml:uri/>
			</dev:type>
			<dev:defaultValue>Uppercase</dev:defaultValue>
		</command:parameter>
		<command:parameter required="false" variableLength="false" globbing="false" pipelineInput="false" position="14">
			<maml:name>MultilineInsertSourcesList</maml:name>
			<maml:description>
				<maml:para>Specifies whether multiline insert sources list.</maml:para>
			</maml:description>
			<dev:type>
				<maml:name>SwitchParameter</maml:name>
				<maml:uri/>
			</dev:type>
			<dev:defaultValue></dev:defaultValue>
		</command:parameter>
		<command:parameter required="false" variableLength="false" globbing="false" pipelineInput="false" position="15">
			<maml:name>MultilineInsertTargetsList</maml:name>
			<maml:description>
				<maml:para>Specifies whether multiline insert targets list.</maml:para>
			</maml:description>
			<dev:type>
				<maml:name>SwitchParameter</maml:name>
				<maml:uri/>
			</dev:type>
			<dev:defaultValue></dev:defaultValue>
		</command:parameter>
		<command:parameter required="false" variableLength="false" globbing="false" pipelineInput="false" position="16">
			<maml:name>MultilineSelectElementsList</maml:name>
			<maml:description>
				<maml:para>Specifies whether multiline select elements list.</maml:para>
			</maml:description>
			<dev:type>
				<maml:name>SwitchParameter</maml:name>
				<maml:uri/>
			</dev:type>
			<dev:defaultValue></dev:defaultValue>
		</command:parameter>
		<command:parameter required="false" variableLength="false" globbing="false" pipelineInput="false" position="17">
			<maml:name>MultilineSetClauseItems</maml:name>
			<maml:description>
				<maml:para>Specifies whether multiline set clause items.</maml:para>
			</maml:description>
			<dev:type>
				<maml:name>SwitchParameter</maml:name>
				<maml:uri/>
			</dev:type>
			<dev:defaultValue></dev:defaultValue>
		</command:parameter>
		<command:parameter required="false" variableLength="false" globbing="false" pipelineInput="false" position="18">
			<maml:name>MultilineViewColumnsList</maml:name>
			<maml:description>
				<maml:para>Specifies whether multiline view columns list.</maml:para>
			</maml:description>
			<dev:type>
				<maml:name>SwitchParameter</maml:name>
				<maml:uri/>
			</dev:type>
			<dev:defaultValue></dev:defaultValue>
		</command:parameter>
		<command:parameter required="false" variableLength="false" globbing="false" pipelineInput="false" position="19">
			<maml:name>MultilineWherePredicatesList</maml:name>
			<maml:description>
				<maml:para>Specifies whether multiline where predicates list.</maml:para>
			</maml:description>
			<dev:type>
				<maml:name>SwitchParameter</maml:name>
				<maml:uri/>
			</dev:type>
			<dev:defaultValue></dev:defaultValue>
		</command:parameter>
		<command:parameter required="false" variableLength="false" globbing="false" pipelineInput="false" position="20">
			<maml:name>NewLineBeforeCloseParenthesisInMultilineList</maml:name>
			<maml:description>
				<maml:para>Specifies new line before close parenthesis multiline list.</maml:para>
			</maml:description>
			<dev:type>
				<maml:name>SwitchParameter</maml:name>
				<maml:uri/>
			</dev:type>
			<dev:defaultValue></dev:defaultValue>
		</command:parameter>
		<command:parameter required="false" variableLength="false" globbing="false" pipelineInput="false" position="21">
			<maml:name>NewLineBeforeFromClause</maml:name>
			<maml:description>
				<maml:para>Specifies new line before from clause.</maml:para>
			</maml:description>
			<dev:type>
				<maml:name>SwitchParameter</maml:name>
				<maml:uri/>
			</dev:type>
			<dev:defaultValue></dev:defaultValue>
		</command:parameter>
		<command:parameter required="false" variableLength="false" globbing="false" pipelineInput="false" position="22">
			<maml:name>NewLineBeforeGroupByClause</maml:name>
			<maml:description>
				<maml:para>Specifies new line before group by clause.</maml:para>
			</maml:description>
			<dev:type>
				<maml:name>SwitchParameter</maml:name>
				<maml:uri/>
			</dev:type>
			<dev:defaultValue></dev:defaultValue>
		</command:parameter>
		<command:parameter required="false" variableLength="false" globbing="false" pipelineInput="false" position="23">
			<maml:name>NewLineBeforeHavingClause</maml:name>
			<maml:description>
				<maml:para>Specifies new line before having by clause.</maml:para>
			</maml:description>
			<dev:type>
				<maml:name>SwitchParameter</maml:name>
				<maml:uri/>
			</dev:type>
			<dev:defaultValue></dev:defaultValue>
		</command:parameter>
		<command:parameter required="false" variableLength="false" globbing="false" pipelineInput="false" position="24">
			<maml:name>NewLineBeforeJoinClause</maml:name>
			<maml:description>
				<maml:para>Specifies new line before join clause.</maml:para>
			</maml:description>
			<dev:type>
				<maml:name>SwitchParameter</maml:name>
				<maml:uri/>
			</dev:type>
			<dev:defaultValue></dev:defaultValue>
		</command:parameter>
		<command:parameter required="false" variableLength="false" globbing="false" pipelineInput="false" position="25">
			<maml:name>NewLineBeforeOpenParenthesisInMultilineList</maml:name>
			<maml:description>
				<maml:para>Specifies new line before open parenthesis in multiline list</maml:para>
			</maml:description>
			<dev:type>
				<maml:name>SwitchParameter</maml:name>
				<maml:uri/>
			</dev:type>
			<dev:defaultValue></dev:defaultValue>
		</command:parameter>
		<command:parameter required="false" variableLength="false" globbing="false" pipelineInput="false" position="26">
			<maml:name>NewLineBeforeOrderByClause</maml:name>
			<maml:description>
				<maml:para>Specifies new line before order by clause.</maml:para>
			</maml:description>
			<dev:type>
				<maml:name>SwitchParameter</maml:name>
				<maml:uri/>
			</dev:type>
			<dev:defaultValue></dev:defaultValue>
		</command:parameter>
		<command:parameter required="false" variableLength="false" globbing="false" pipelineInput="false" position="27">
			<maml:name>NewLineBeforeOutputClause</maml:name>
			<maml:description>
				<maml:para>Specifies new line before output clause.</maml:para>
			</maml:description>
			<dev:type>
				<maml:name>SwitchParameter</maml:name>
				<maml:uri/>
			</dev:type>
			<dev:defaultValue></dev:defaultValue>
		</command:parameter>
		<command:parameter required="false" variableLength="false" globbing="false" pipelineInput="false" position="28">
			<maml:name>NewLineBeforeWhereClause</maml:name>
			<maml:description>
				<maml:para>Specifies new line before where clause.</maml:para>
			</maml:description>
			<dev:type>
				<maml:name>SwitchParameter</maml:name>
				<maml:uri/>
			</dev:type>
			<dev:defaultValue></dev:defaultValue>
		</command:parameter>
	</command:parameters>
	<command:inputTypes>
		<command:inputType>
			<dev:type>
				<maml:name>String</maml:name>
				<maml:uri/>
				<maml:description>
					<maml:para></maml:para>
				</maml:description>
			</dev:type>
			<maml:description></maml:description>
		</command:inputType>
	</command:inputTypes>
	<command:returnValues>
		<command:returnValue>
			<dev:type>
				<maml:name>String</maml:name>
				<maml:uri />
				<maml:description>
					<maml:para></maml:para>
				</maml:description>
			</dev:type>
			<maml:description></maml:description>
		</command:returnValue>
	</command:returnValues>
	<command:terminatingErrors>
	</command:terminatingErrors>
	<command:nonTerminatingErrors>
	</command:nonTerminatingErrors>
	<maml:alertSet>
		<maml:title></maml:title>
		<maml:alert>
			<maml:para></maml:para>
		</maml:alert>
	</maml:alertSet>
	<command:examples>
		<command:example>
			<maml:title>
--------------  EXAMPLE 1 --------------			</maml:title>
			<maml:introduction>
				<maml:para>C:\PS&gt;</maml:para>
C:\PS&gt;			</maml:introduction>
  			<dev:code>Out-SqlScript &quot;Select * from authors&quot;</dev:code>
  			<dev:remarks>
				<maml:para>Outputs the SQL script with default options</maml:para>
				<maml:para></maml:para>
				<maml:para></maml:para>
				<maml:para>SELECT * FROM authors;
				</maml:para>
				<maml:para></maml:para>
  			</dev:remarks>
			<command:commandLines>
				<command:commandLine>
					<command:commandText>
					</command:commandText>
				</command:commandLine>
			</command:commandLines>
		</command:example>
	</command:examples>
	<maml:relatedLinks>
		<maml:navigationLink>
			<maml:linkText>Unkown</maml:linkText>
			<maml:uri/>
		</maml:navigationLink>
		<maml:navigationLink>
			<maml:linkText>Unkown</maml:linkText>
			<maml:uri/>
		</maml:navigationLink>
		<maml:navigationLink>
			<maml:linkText>Test-SqlScript</maml:linkText>
			<maml:uri/>
		</maml:navigationLink>
	</maml:relatedLinks>
</command:command>
<command:command xmlns:maml="http://schemas.microsoft.com/maml/2004/10" xmlns:command="http://schemas.microsoft.com/maml/dev/command/2004/10" xmlns:dev="http://schemas.microsoft.com/maml/dev/2004/10">
<!--Generated by Help Cmdlet Editor-->
	<command:details>
		<command:name>Test-SqlScript</command:name>
		<maml:description>
			<maml:para>Determines whether a SQL script is valid.</maml:para>
		</maml:description>
		<maml:copyright>
           <maml:para />
		<!--Add copy right info here.-->
		</maml:copyright>
		<command:verb>Test</command:verb>
		<command:noun>SqlScript</command:noun>
		<!--Add Dev version info here.-->
		<dev:version />
	</command:details>
	<maml:description>
	<!--This is the Description section-->
		<maml:para>The Test-SqlScript cmdlet determines whether all elements of a SQL script are valid. It returns &quot;true&quot; ($true) if all elements are valid and &quot;false&quot; ($false) if any are invalid. Validation errors are returned to stderr.</maml:para>
	</maml:description>
	<command:syntax>		<command:syntaxItem>
			<maml:name>Test-SqlScript</maml:name>
			<command:parameter required = "true" variableLength = "false" globbing = "false" pipelineInput = "true (ByValue)" position = "2" >
				<maml:name>InputScript</maml:name>
				<maml:description>
					<maml:para>Specifies a SQL script to be tested.</maml:para>
				</maml:description>
			<command:parameterValue required="true" variableLength = "false" >String</command:parameterValue>
			</command:parameter>
			<command:parameter required = "false" variableLength = "false" globbing = "false" pipelineInput = "false" position = "3" >
				<maml:name>QuotedIdentifierOff</maml:name>
				<maml:description>
					<maml:para>Specifies whether quoted identifier handling is off</maml:para>
				</maml:description>
			</command:parameter>
			<command:parameter required = "false" variableLength = "false" globbing = "false" pipelineInput = "false" position = "4" >
				<maml:name>SqlVersion</maml:name>
				<maml:description>
					<maml:para>Specifies the Sql version. Valid values are Sql80, Sql90 and Sql100.</maml:para>
				</maml:description>
			<command:parameterValue required="true" variableLength = "false" >SqlVersion</command:parameterValue>
			</command:parameter>
		</command:syntaxItem>
	</command:syntax>
	<command:parameters>
		<command:parameter required="true" variableLength="false" globbing="false" pipelineInput="true (ByValue)" position="2">
			<maml:name>InputScript</maml:name>
			<maml:description>
				<maml:para>Specifies a SQL script to be tested.</maml:para>
			</maml:description>
			<command:parameterValue required="true" variableLength="false">String</command:parameterValue>
			<dev:type>
				<maml:name>String</maml:name>
				<maml:uri/>
			</dev:type>
			<dev:defaultValue></dev:defaultValue>
		</command:parameter>
		<command:parameter required="false" variableLength="false" globbing="false" pipelineInput="false" position="3">
			<maml:name>QuotedIdentifierOff</maml:name>
			<maml:description>
				<maml:para>Specifies whether quoted identifier handling is off</maml:para>
			</maml:description>
			<dev:type>
				<maml:name>SwitchParameter</maml:name>
				<maml:uri/>
			</dev:type>
			<dev:defaultValue>false</dev:defaultValue>
		</command:parameter>
		<command:parameter required="false" variableLength="false" globbing="false" pipelineInput="false" position="4">
			<maml:name>SqlVersion</maml:name>
			<maml:description>
				<maml:para>Specifies the Sql version. Valid values are Sql80, Sql90 and Sql100.</maml:para>
			</maml:description>
			<command:parameterValue required="true" variableLength="false">SqlVersion</command:parameterValue>
			<dev:type>
				<maml:name>SqlVersion</maml:name>
				<maml:uri/>
			</dev:type>
			<dev:defaultValue>Sql100</dev:defaultValue>
		</command:parameter>
	</command:parameters>
	<command:inputTypes>
		<command:inputType>
			<dev:type>
				<maml:name>String</maml:name>
				<maml:uri/>
				<maml:description>
					<maml:para></maml:para>
				</maml:description>
			</dev:type>
			<maml:description></maml:description>
		</command:inputType>
	</command:inputTypes>
	<command:returnValues>
		<command:returnValue>
			<dev:type>
				<maml:name>Boolean</maml:name>
				<maml:uri />
				<maml:description>
					<maml:para></maml:para>
				</maml:description>
			</dev:type>
			<maml:description></maml:description>
		</command:returnValue>
	</command:returnValues>
	<command:terminatingErrors>
	</command:terminatingErrors>
	<command:nonTerminatingErrors>
	</command:nonTerminatingErrors>
	<maml:alertSet>
		<maml:title></maml:title>
		<maml:alert>
			<maml:para></maml:para>
		</maml:alert>
	</maml:alertSet>
	<command:examples>
		<command:example>
			<maml:title>
--------------  EXAMPLE 1 --------------			</maml:title>
			<maml:introduction>
				<maml:para>C:\PS&gt;</maml:para>
C:\PS&gt;			</maml:introduction>
  			<dev:code>Test-SqlScript &quot;Select * from authors&quot;</dev:code>
  			<dev:remarks>
				<maml:para>Determines whether the SQL script is valid</maml:para>
				<maml:para></maml:para>
				<maml:para></maml:para>
				<maml:para>
				</maml:para>
				<maml:para></maml:para>
  			</dev:remarks>
			<command:commandLines>
				<command:commandLine>
					<command:commandText>
					</command:commandText>
				</command:commandLine>
			</command:commandLines>
		</command:example>
	</command:examples>
	<maml:relatedLinks>
		<maml:navigationLink>
			<maml:linkText>Out-SqlScript</maml:linkText>
			<maml:uri/>
		</maml:navigationLink>
	</maml:relatedLinks>
</command:command>
</helpItems>
